{
    "sources": [
        {
            "type": "single",
            "resource": "minecraft:trim_preview/bolt_cycle"
        },
        {
            "type": "single",
            "resource": "minecraft:trim_preview/coast_cycle"
        },
        {
            "type": "single",
            "resource": "minecraft:trim_preview/dune_cycle"
        },
        {
            "type": "single",
            "resource": "minecraft:trim_preview/eye_cycle"
        },
        {
            "type": "single",
            "resource": "minecraft:trim_preview/flow_cycle"
        },
        {
            "type": "single",
            "resource": "minecraft:trim_preview/host_cycle"
        },
        {
            "type": "single",
            "resource": "minecraft:trim_preview/raiser_cycle"
        },
        {
            "type": "single",
            "resource": "minecraft:trim_preview/rib_cycle"
        },
        {
            "type": "single",
            "resource": "minecraft:trim_preview/sentry_cycle"
        },
        {
            "type": "single",
            "resource": "minecraft:trim_preview/shaper_cycle"
        },
        {
            "type": "single",
            "resource": "minecraft:trim_preview/silence_cycle"
        },
        {
            "type": "single",
            "resource": "minecraft:trim_preview/snout_cycle"
        },
        {
            "type": "single",
            "resource": "minecraft:trim_preview/spire_cycle"
        },
        {
            "type": "single",
            "resource": "minecraft:trim_preview/tide_cycle"
        },
        {
            "type": "single",
            "resource": "minecraft:trim_preview/vex_cycle"
        },
        {
            "type": "single",
            "resource": "minecraft:trim_preview/ward_cycle"
        },
        {
            "type": "single",
            "resource": "minecraft:trim_preview/wayfinder_cycle"
        },
        {
            "type": "single",
            "resource": "minecraft:trim_preview/wild_cycle"
        }
    ]
}